[
  {
    "name": "дом",
    "description": "отличная мебель для домашнего интерьера."
  },
  {
    "name": "офис",
    "description": "стильная и надежная офисная мебель нового поколения."
  },
  {
    "name": "модерн",
    "description": "мебель в стиле МОДЕРН подойдет для любого интерьера."
  },
  {
    "name": "классика",
    "description": "классический стиль актуален в любые времена."
  }
]